"islno","trainNo","stationCode","dayofJourney","arrivalTime","departureTime","distance"
"1","12594","BPL","1","0:00","22:45","0"
"2","12594","BHS","1","23:22","23:24","53"
"3","12594","BINA","2","1:00","1:05","138"
"4","12594","JHS","2","3:15","3:25","289"
"5","12594","CNB","2","8:15","8:20","508"
"6","12594","LJN","2","9:45","0:00","582"
"1","10103","CSTM","1","0:00","7:10","0"
"2","10103","DR","1","7:22","7:25","8"
"3","10103","TNA","1","7:47","7:50","33"
"4","10103","PNVL","1","8:25","8:30","68"
"5","10103","MNI","1","10:34","10:35","187"
"6","10103","KHED","1","11:26","11:27","283"
"7","10103","CHI","1","11:58","11:59","324"
"8","10103","SGR","1","12:35","12:36","383"
"9","10103","RN","1","13:10","13:15","430"
"10","10103","ADVI","1","13:43","13:44","474"
"11","10103","RAJP","1","14:17","14:18","519"
"12","10103","VBW","1","14:39","14:40","542"
"13","10103","KKW","1","15:19","15:20","586"
"14","10103","SNDD","1","15:35","15:36","611"
"15","10103","KUDL","1","15:49","15:50","625"
"16","10103","SWV","1","16:15","16:16","654"
"17","10103","PERN","1","16:41","16:42","685"
"18","10103","THVM","1","16:55","16:56","700"
"19","10103","KRMI","1","17:19","17:20","724"
"20","10103","MAO","1","18:45","0:00","764"
"1","10104","MAO","1","0:00","9:15","0"
"2","10104","KRMI","1","9:51","9:52","40"
"3","10104","THVM","1","10:07","10:08","64"
"4","10104","PERN","1","10:24","10:25","79"
"5","10104","SWV","1","10:45","10:46","110"
"6","10104","KUDL","1","11:05","11:06","139"
"7","10104","SNDD","1","11:16","11:17","153"
"8","10104","KKW","1","11:34","11:35","178"
"9","10104","VBW","1","12:07","12:08","221"
"10","10104","RAJP","1","12:24","12:25","245"
"11","10104","ADVI","1","12:40","12:41","290"
"12","10104","RN","1","14:05","14:10","334"
"13","10104","SGR","1","14:46","14:47","381"
"14","10104","CHI","1","15:27","15:28","440"
"15","10104","KHED","1","15:56","15:57","481"
"16","10104","MNI","1","17:09","17:10","577"
"17","10104","PNVL","1","19:25","19:30","696"
"18","10104","TNA","1","20:38","20:40","731"
"19","10104","DR","1","21:02","21:05","756"
"20","10104","CSTM","1","21:40","0:00","764"
"1","10111","CSTM","1","0:00","23:05","0"
"2","10111","DR","1","23:18","23:20","8"
"3","10111","TNA","1","23:43","23:45","33"
"4","10111","PNVL","2","0:25","0:30","68"
"5","10111","MNI","2","2:38","2:39","187"
"6","10111","KHED","2","3:38","3:39","283"
"7","10111","CHI","2","4:04","4:05","324"
"8","10111","SGR","2","4:50","4:51","383"
"9","10111","RN","2","5:25","5:30","430"
"10","10111","VID","2","6:14","6:15","496"
"11","10111","RAJP","2","6:31","6:32","519"
"12","10111","VBW","2","6:51","6:52","542"
"13","10111","KKW","2","7:17","7:18","586"
"14","10111","SNDD","2","7:37","7:38","611"
"15","10111","KUDL","2","7:54","7:55","625"
"16","10111","SWV","2","8:22","8:23","654"
"17","10111","PERN","2","8:52","8:53","685"
"18","10111","THVM","2","9:06","9:07","700"
"19","10111","KRMI","2","9:27","9:28","724"
"20","10111","MAO","2","10:45","0:00","764"
"1","10112","MAO","1","0:00","18:00","0"
"2","10112","KRMI","1","18:31","18:32","40"
"3","10112","THVM","1","18:54","18:55","64"
"4","10112","PERN","1","19:10","19:11","79"
"5","10112","SWV","1","19:36","19:37","110"
"6","10112","KUDL","1","20:00","20:01","139"
"7","10112","SNDD","1","20:11","20:12","153"
"8","10112","KKW","1","20:37","20:38","178"
"9","10112","VBW","1","20:57","20:58","221"
"10","10112","RAJP","1","21:16","21:17","245"
"11","10112","VID","1","21:36","21:37","268"
"12","10112","RN","1","23:00","23:05","334"
"13","10112","SGR","1","23:37","23:38","381"
"14","10112","CHI","2","0:10","0:11","440"
"15","10112","KHED","2","0:40","0:41","481"
"16","10112","MNI","2","1:43","1:44","577"
"17","10112","PNVL","2","4:05","4:10","696"
"18","10112","TNA","2","4:53","4:55","731"
"19","10112","DR","2","5:17","5:20","756"
"20","10112","CSTM","2","5:50","0:00","764"
"1","10215","MAO","1","0:00","21:30","0"
"2","10215","KAWR","1","22:22","22:24","81"
"3","10215","BTJL","1","23:50","23:52","235"
"4","10215","UD","2","1:10","1:12","349"
"5","10215","MAJN","2","3:00","3:10","430"
"6","10215","KGQ","2","3:48","3:50","481"
"7","10215","CAN","2","5:10","5:15","567"
"8","10215","CLT","2","6:35","6:40","656"
"9","10215","TIR","2","7:18","7:20","697"
"10","10215","SRR","2","8:10","8:20","742"
"11","10215","TCR","2","9:05","9:08","775"
"12","10215","AWY","2","9:53","9:55","830"
"13","10215","ERS","2","10:55","0:00","849"
"1","10216","ERS","1","0:00","13:50","0"
"2","10216","AWY","1","14:12","14:14","19"
"3","10216","TCR","1","14:57","15:00","74"
"4","10216","SRR","1","15:55","16:00","107"
"5","10216","TIR","1","16:38","16:40","152"
"6","10216","CLT","1","17:20","17:25","192"
"7","10216","CAN","1","18:50","18:55","282"
"8","10216","KGQ","1","19:58","20:00","367"
"9","10216","MAJN","1","21:05","21:15","419"
"10","10216","UD","1","22:34","22:36","500"
"11","10216","BTJL","1","23:50","23:52","614"
"12","10216","KAWR","2","1:26","1:28","767"
"13","10216","MAO","2","3:15","0:00","849"
"1","11001","SNSI","1","0:00","5:00","0"
"2","11001","PB","1","5:20","5:35","16"
"3","11001","BAP","1","5:54","5:55","36"
"4","11001","ANG","1","6:48","6:50","103"
"5","11001","DD","1","8:30","8:35","187"
"6","11001","BGVN","1","8:59","9:00","215"
"7","11001","PRWD","1","9:19","9:20","236"
"8","11001","JEUR","1","9:41","9:42","262"
"9","11001","KEM","1","9:57","9:58","278"
"10","11001","KWV","1","11:00","11:15","296"
"11","11001","MLB","1","11:30","11:35","318"
"12","11001","PVR","1","12:15","0:00","348"
"1","11002","PVR","1","0:00","13:00","0"
"2","11002","MLB","1","13:24","13:25","30"
"3","11002","KWV","1","13:55","14:20","52"
"4","11002","KEM","1","14:39","14:40","70"
"5","11002","JEUR","1","14:59","15:00","86"
"6","11002","PRWD","1","15:24","15:25","112"
"7","11002","BGVN","1","15:49","15:50","133"
"8","11002","DD","1","16:05","16:10","161"
"9","11002","ANG","1","17:30","17:33","245"
"10","11002","BAP","1","18:39","18:40","312"
"11","11002","PB","1","19:10","19:25","332"
"12","11002","SNSI","1","20:30","0:00","348"
"1","11003","DR","1","0:00","0:05","0"
"2","11003","TNA","1","0:27","0:30","24"
"3","11003","PNVL","1","1:15","1:20","59"
"4","11003","ROHA","1","3:15","3:20","136"
"5","11003","MNI","1","3:46","3:48","179"
"6","11003","VEER","1","4:02","4:04","202"
"7","11003","KHED","1","4:54","4:56","274"
"8","11003","CHI","1","5:30","5:32","315"
"9","11003","SVX","1","5:58","6:00","341"
"10","11003","AVRD","1","6:18","6:20","355"
"11","11003","SGR","1","6:32","6:34","375"
"12","11003","RN","1","7:35","7:40","421"
"13","11003","ADVI","1","8:08","8:10","466"
"14","11003","VID","1","8:25","8:27","487"
"15","11003","RAJP","1","8:40","8:42","510"
"16","11003","VBW","1","9:08","9:10","534"
"17","11003","NAN","1","9:23","9:25","556"
"18","11003","KKW","1","9:38","9:40","577"
"19","11003","SNDD","1","9:58","10:00","602"
"20","11003","KUDL","1","10:10","10:12","616"
"21","11003","SWV","1","11:25","0:00","646"
"1","11004","SWV","1","0:00","18:50","0"
"2","11004","KUDL","1","19:10","19:12","29"
"3","11004","SNDD","1","19:24","19:26","43"
"4","11004","KKW","1","19:42","19:44","68"
"5","11004","NAN","1","19:56","19:58","90"
"6","11004","VBW","1","20:14","20:16","111"
"7","11004","RAJP","1","20:34","20:36","135"
"8","11004","VID","1","20:54","20:56","158"
"9","11004","ADVI","1","21:08","21:10","180"
"10","11004","RN","1","22:25","22:30","224"
"11","11004","SGR","1","23:18","23:20","271"
"12","11004","AVRD","1","23:30","23:32","290"
"13","11004","SVX","1","23:42","23:44","304"
"14","11004","CHI","1","23:56","23:58","330"
"15","11004","KHED","2","0:18","0:20","371"
"16","11004","VEER","2","1:38","1:40","443"
"17","11004","MNI","2","2:00","2:02","467"
"18","11004","ROHA","2","3:15","3:20","509"
"19","11004","PNVL","2","4:45","4:50","586"
"20","11004","TNA","2","5:43","5:45","621"
"21","11004","DR","2","6:45","0:00","646"
"1","11005","DR","1","0:00","21:30","0"
"2","11005","KYN","1","22:10","22:13","44"
"3","11005","KJT","1","22:53","22:55","90"
"4","11005","LNL","1","23:43","23:45","118"
"5","11005","PUNE","2","1:00","1:10","182"
"6","11005","STR","2","3:57","4:00","327"
"7","11005","KRD","2","4:52","4:55","386"
"8","11005","TKR","2","5:18","5:20","413"
"9","11005","SLI","2","6:12","6:15","454"
"10","11005","MRJ","2","6:50","6:55","461"
"11","11005","KUD","2","7:23","7:25","494"
"12","11005","GPB","2","8:00","8:02","541"
"13","11005","BGM","2","9:03","9:05","599"
"14","11005","LD","2","9:58","10:00","650"
"15","11005","LWR","2","10:38","10:40","683"
"16","11005","DWR","2","11:25","11:27","720"
"17","11005","UBL","2","12:30","12:40","740"
"18","11005","HVR","2","13:43","13:45","815"
"19","11005","RNR","2","14:13","14:15","848"
"20","11005","HRR","2","14:43","14:45","879"
"21","11005","DVG","2","15:03","15:05","893"
"22","11005","RRB","2","17:03","17:05","1007"
"23","11005","DRU","2","17:15","17:17","1013"
"24","11005","ASK","2","18:05","18:10","1053"
"25","11005","TTR","2","18:36","18:38","1078"
"26","11005","TK","2","19:28","19:30","1149"
"27","11005","YPR","2","21:30","21:50","1215"
"28","11005","BAND","2","22:14","22:16","1230"
"29","11005","KJM","2","22:28","22:30","1235"
"30","11005","BWT","2","23:18","23:20","1291"
"31","11005","JTJ","3","1:08","1:10","1369"
"32","11005","KPD","3","2:30","2:50","1453"
"33","11005","VLR","3","3:03","3:05","1463"
"34","11005","ARV","3","3:23","3:25","1498"
"35","11005","PRL","3","3:38","3:40","1514"
"36","11005","TNM","3","4:28","4:30","1546"
"37","11005","TRK","3","4:53","4:55","1579"
"38","11005","VM","3","6:20","6:25","1613"
"39","11005","PDY","3","7:15","0:00","1651"
"1","11006","PDY","1","0:00","20:50","0"
"2","11006","VM","1","21:30","21:35","37"
"3","11006","TRK","1","21:59","22:00","71"
"4","11006","TNM","1","22:49","22:50","105"
"5","11006","PRL","1","23:26","23:27","136"
"6","11006","ARV","1","23:43","23:44","152"
"7","11006","VLR","2","0:20","0:22","187"
"8","11006","KPD","2","1:00","1:20","197"
"9","11006","JTJ","2","2:43","2:45","281"
"10","11006","KJM","2","4:43","4:45","415"
"11","11006","BAND","2","5:13","5:15","420"
"12","11006","YPR","2","6:00","6:30","435"
"13","11006","TK","2","7:30","7:32","499"
"14","11006","TTR","2","8:33","8:35","570"
"15","11006","ASK","2","9:10","9:15","595"
"16","11006","DRU","2","9:48","9:50","634"
"17","11006","RRB","2","10:03","10:05","640"
"18","11006","DVG","2","11:43","11:45","755"
"19","11006","HRR","2","12:03","12:05","768"
"20","11006","RNR","2","12:28","12:30","800"
"21","11006","HVR","2","13:00","13:02","833"
"22","11006","UBL","2","15:05","15:15","908"
"23","11006","DWR","2","15:39","15:40","928"
"24","11006","LWR","2","16:19","16:20","964"
"25","11006","LD","2","17:08","17:10","998"
"26","11006","BGM","2","18:03","18:05","1049"
"27","11006","GPB","2","18:54","18:55","1107"
"28","11006","KUD","2","19:39","19:40","1153"
"29","11006","MRJ","2","20:45","20:50","1186"
"30","11006","SLI","2","21:02","21:05","1194"
"31","11006","TKR","2","21:39","21:40","1235"
"32","11006","KRD","2","22:05","22:08","1262"
"33","11006","STR","2","23:05","23:08","1320"
"34","11006","PUNE","3","2:10","2:20","1465"
"35","11006","LNL","3","3:23","3:25","1529"
"36","11006","KYN","3","4:47","4:50","1604"
"37","11006","DR","3","5:45","0:00","1648"
"1","11007","CSTM","1","0:00","7:00","0"
"2","11007","DR","1","7:12","7:13","8"
"3","11007","TNA","1","7:34","7:35","33"
"4","11007","KYN","1","7:52","7:55","53"
"5","11007","NRL","1","8:25","8:27","86"
"6","11007","KJT","1","8:43","8:45","99"
"7","11007","KAD","1","9:28","9:30","124"
"8","11007","LNL","1","9:38","9:40","127"
"9","11007","TGN","1","10:09","10:10","157"
"10","11007","KK","1","10:45","10:46","185"
"11","11007","SVJR","1","10:50","10:51","189"
"12","11007","PUNE","1","11:05","0:00","191"
"1","11008","PUNE","1","0:00","15:30","0"
"2","11008","SVJR","1","15:35","15:38","2"
"3","11008","KK","1","15:42","15:45","6"
"4","11008","TGN","1","16:08","16:10","34"
"5","11008","LNL","1","16:38","16:40","63"
"6","11008","KAD","1","16:43","16:45","67"
"7","11008","KJT","1","17:28","17:30","91"
"8","11008","KYN","1","18:20","18:23","138"
"9","11008","TNA","1","18:43","18:45","158"
"10","11008","DR","1","19:07","19:10","182"
"11","11008","CSTM","1","19:35","0:00","191"
"1","11009","CSTM","1","0:00","14:30","0"
"2","11009","DR","1","14:41","14:43","8"
"3","11009","TNA","1","15:03","15:05","33"
"4","11009","KYN","1","15:27","15:30","53"
"5","11009","KJT","1","16:08","16:10","99"
"6","11009","KAD","1","16:53","16:55","124"
"7","11009","LNL","1","17:03","17:05","127"
"8","11009","CCH","1","17:45","17:47","175"
"9","11009","PMP","1","17:50","17:52","177"
"10","11009","KK","1","18:03","18:05","185"
"11","11009","SVJR","1","18:13","18:15","189"
"12","11009","PUNE","1","18:40","0:00","191"
"1","11010","PUNE","1","0:00","6:05","0"
"2","11010","SVJR","1","6:10","6:13","2"
"3","11010","KK","1","6:18","6:20","6"
"4","11010","PMP","1","6:28","6:31","14"
"5","11010","CCH","1","6:33","6:35","16"
"6","11010","LNL","1","7:13","7:15","63"
"7","11010","KAD","1","7:18","7:20","67"
"8","11010","KJT","1","7:58","8:00","91"
"9","11010","KYN","1","8:45","8:47","138"
"10","11010","DR","1","9:33","9:35","182"
"11","11010","CSTM","1","9:53","0:00","191"
"1","11011","LTT","1","0:00","12:05","0"
"2","11011","TNA","1","12:31","12:33","17"
"3","11011","KYN","1","12:52","12:55","37"
"4","11011","LNL","1","14:23","14:25","111"
"5","11011","PUNE","1","15:30","15:35","175"
"6","11011","KWV","1","18:15","18:20","359"
"7","11011","BTW","1","19:05","19:07","397"
"8","11011","UMD","1","19:46","19:51","433"
"9","11011","LUR","1","21:00","21:30","513"
"10","11011","LTRR","1","22:15","22:35","545"
"11","11011","PNF","1","23:29","23:30","573"
"12","11011","PRLI","2","0:40","0:50","609"
"13","11011","GNH","2","1:24","1:25","638"
"14","11011","PBN","2","2:18","2:20","672"
"15","11011","PAU","2","3:00","3:05","701"
"16","11011","NED","2","4:45","0:00","731"
"1","11012","NED","1","0:00","6:30","0"
"2","11012","PAU","1","6:55","6:57","30"
"3","11012","PBN","1","7:50","7:52","58"
"4","11012","GNH","1","8:24","8:25","93"
"5","11012","PRLI","1","9:20","9:40","122"
"6","11012","PNF","1","10:30","10:31","158"
"7","11012","LTRR","1","11:20","11:40","185"
"8","11012","LUR","1","12:10","12:20","218"
"9","11012","UMD","1","13:45","13:48","297"
"10","11012","BTW","1","14:26","14:28","334"
"11","11012","KWV","1","15:15","15:25","371"
"12","11012","PUNE","1","19:50","19:55","555"
"13","11012","LNL","1","20:53","20:55","619"
"14","11012","KYN","1","22:27","22:30","694"
"15","11012","TNA","1","22:54","22:55","714"
"16","11012","LTT","1","23:45","0:00","731"
"1","11013","LTT","1","0:00","22:35","0"
"2","11013","TNA","1","22:53","22:55","17"
"3","11013","KYN","1","23:15","23:18","37"
"4","11013","PUNE","2","1:50","1:55","175"
"5","11013","KWV","2","4:33","4:35","359"
"6","11013","SUR","2","6:25","6:35","438"
"7","11013","DUD","2","7:38","7:40","501"
"8","11013","GUR","2","8:08","8:10","524"
"9","11013","GR","2","8:45","8:48","551"
"10","11013","SDB","2","9:13","9:15","577"
"11","11013","WADI","2","9:55","10:00","588"
"12","11013","NW","2","10:15","10:16","601"
"13","11013","YG","2","10:28","10:30","627"
"14","11013","KSN","2","10:59","11:00","670"
"15","11013","RC","2","11:28","11:30","695"
"16","11013","MALM","2","12:08","12:10","723"
"17","11013","AD","2","12:48","12:50","765"
"18","11013","GTL","2","13:50","14:00","816"
"19","11013","GY","2","14:28","14:30","845"
"20","11013","KLU","2","14:58","15:00","874"
"21","11013","ATP","2","15:33","15:35","901"
"22","11013","DMM","2","16:50","16:55","935"
"23","11013","SSPN","2","17:26","17:28","968"
"24","11013","HUP","2","18:18","18:20","1026"
"25","11013","BNCE","2","21:09","21:10","1129"
"26","11013","SBC","2","21:50","22:10","1136"
"27","11013","BNC","2","22:18","22:20","1140"
"28","11013","HSRA","2","23:14","23:15","1196"
"29","11013","DPJ","3","0:43","0:45","1288"
"30","11013","OML","3","3:09","3:10","1343"
"31","11013","SA","3","3:35","3:40","1354"
"32","11013","ED","3","4:40","4:45","1417"
"33","11013","TUP","3","5:28","5:30","1467"
"34","11013","CBE","3","7:00","0:00","1518"
"1","11014","CBE","1","0:00","8:45","0"
"2","11014","TUP","1","9:23","9:25","50"
"3","11014","ED","1","10:20","10:25","100"
"4","11014","SA","1","11:20","11:25","163"
"5","11014","OML","1","11:49","11:50","174"
"6","11014","DPJ","1","12:48","12:50","229"
"7","11014","HSRA","1","14:13","14:15","321"
"8","11014","SBC","1","15:45","16:00","381"
"9","11014","BNC","1","16:10","16:12","386"
"10","11014","HUP","1","18:08","18:10","491"
"11","11014","SSPN","1","19:25","19:30","549"
"12","11014","DMM","1","20:18","20:20","582"
"13","11014","ATP","1","20:54","20:55","616"
"14","11014","KLU","1","21:28","21:30","643"
"15","11014","GY","1","22:09","22:10","672"
"16","11014","GTL","1","22:40","22:45","701"
"17","11014","AD","1","23:24","23:25","752"
"18","11014","MALM","2","0:04","0:05","793"
"19","11014","RC","2","0:28","0:30","822"
"20","11014","KSN","2","0:49","0:50","847"
"21","11014","YG","2","1:44","1:45","890"
"22","11014","NW","2","2:05","2:06","916"
"23","11014","WADI","2","3:00","3:05","929"
"24","11014","SDB","2","3:17","3:18","939"
"25","11014","GR","2","3:40","3:43","966"
"26","11014","GUR","2","4:09","4:10","992"
"27","11014","DUD","2","4:28","4:29","1016"
"28","11014","SUR","2","5:50","6:00","1079"
"29","11014","KWV","2","7:08","7:10","1157"
"30","11014","DD","2","9:25","9:30","1266"
"31","11014","PUNE","2","10:35","10:45","1341"
"32","11014","KYN","2","13:12","13:15","1480"
"33","11014","TNA","2","13:38","13:40","1500"
"34","11014","LTT","2","14:30","0:00","1517"
"1","11015","LTT","1","0:00","22:45","0"
"2","11015","TNA","1","23:02","23:05","17"
"3","11015","KYN","1","23:25","23:28","37"
"4","11015","KSRA","2","0:33","0:35","104"
"5","11015","IGP","2","1:15","1:20","120"
"6","11015","DVL","2","2:03","2:05","165"
"7","11015","NK","2","2:10","2:15","171"
"8","11015","MMR","2","3:10","3:15","244"
"9","11015","NGN","2","3:33","3:35","269"
"10","11015","CSN","2","4:00","4:05","311"
"11","11015","PC","2","4:32","4:35","356"
"12","11015","JL","2","5:08","5:10","404"
"13","11015","BSL","2","5:35","5:50","428"
"14","11015","RV","2","6:20","6:22","462"
"15","11015","BAU","2","6:38","6:40","482"
"16","11015","NPNR","2","6:58","7:00","509"
"17","11015","KNW","2","8:55","9:00","551"
"18","11015","KKN","2","9:55","9:57","627"
"19","11015","HD","2","10:22","10:24","659"
"20","11015","TBN","2","10:38","10:40","673"
"21","11015","ET","2","11:50","11:55","735"
"22","11015","HBD","2","12:13","12:15","752"
"23","11015","MDDP","2","13:07","13:09","804"
"24","11015","HBJ","2","13:26","13:28","820"
"25","11015","BPL","2","13:50","13:55","826"
"26","11015","BHS","2","14:33","14:35","880"
"27","11015","BAQ","2","15:03","15:05","919"
"28","11015","BINA","2","16:25","16:30","965"
"29","11015","LAR","2","17:20","17:22","1027"
"30","11015","BAB","2","18:16","18:18","1092"
"31","11015","JHS","2","19:10","19:22","1116"
"32","11015","CGN","2","19:48","19:50","1148"
"33","11015","AIT","2","20:28","20:30","1205"
"34","11015","ORAI","2","20:55","21:00","1230"
"35","11015","KPI","2","21:31","21:33","1263"
"36","11015","PHN","2","21:48","21:50","1277"
"37","11015","BZM","2","23:35","23:37","1322"
"38","11015","CNB","3","0:10","0:20","1335"
"39","11015","ON","3","0:42","0:44","1353"
"40","11015","LKO","3","1:45","1:55","1409"
"41","11015","BBK","3","2:38","2:40","1437"
"42","11015","GD","3","4:05","4:10","1526"
"43","11015","MUR","3","4:38","4:40","1554"
"44","11015","BV","3","5:06","5:08","1584"
"45","11015","BST","3","5:40","5:45","1615"
"46","11015","KLD","3","6:08","6:10","1645"
"47","11015","GKP","3","7:10","0:00","1679"
"1","11016","GKP","1","0:00","19:00","0"
"2","11016","KLD","1","19:38","19:40","34"
"3","11016","BST","1","20:10","20:15","64"
"4","11016","BV","1","20:38","20:40","94"
"5","11016","MUR","1","21:12","21:14","125"
"6","11016","GD","1","21:45","21:50","153"
"7","11016","BBK","1","23:28","23:30","242"
"8","11016","LKO","2","0:25","0:40","270"
"9","11016","ON","2","1:33","1:35","326"
"10","11016","CNB","2","2:15","2:25","344"
"11","11016","BZM","2","2:51","2:53","357"
"12","11016","PHN","2","3:30","3:32","402"
"13","11016","KPI","2","3:47","3:49","416"
"14","11016","ORAI","2","4:19","4:24","449"
"15","11016","AIT","2","4:42","4:44","474"
"16","11016","CGN","2","5:38","5:40","531"
"17","11016","JHS","2","7:05","7:15","563"
"18","11016","BAB","2","7:40","7:42","587"
"19","11016","LAR","2","8:26","8:28","652"
"20","11016","BINA","2","9:45","9:50","714"
"21","11016","BAQ","2","10:22","10:24","760"
"22","11016","BHS","2","10:52","10:54","799"
"23","11016","BPL","2","11:55","12:00","853"
"24","11016","HBJ","2","12:10","12:12","859"
"25","11016","MDDP","2","12:27","12:29","875"
"26","11016","HBD","2","13:17","13:19","927"
"27","11016","ET","2","13:50","13:55","944"
"28","11016","TBN","2","14:53","14:55","1005"
"29","11016","HD","2","15:08","15:10","1020"
"30","11016","KKN","2","15:32","15:34","1051"
"31","11016","KNW","2","17:15","17:20","1128"
"32","11016","NPNR","2","17:53","17:55","1170"
"33","11016","BAU","2","18:18","18:20","1196"
"34","11016","RV","2","18:36","18:38","1217"
"35","11016","BSL","2","19:10","19:20","1251"
"36","11016","JL","2","19:43","19:45","1275"
"37","11016","PC","2","20:16","20:18","1323"
"38","11016","CSN","2","21:08","21:10","1368"
"39","11016","NGN","2","21:53","21:55","1410"
"40","11016","MMR","2","22:15","22:20","1435"
"41","11016","NK","2","23:15","23:20","1508"
"42","11016","DVL","2","23:28","23:30","1514"
"43","11016","IGP","3","1:15","1:20","1559"
"44","11016","KYN","3","3:10","3:15","1642"
"45","11016","TNA","3","3:33","3:35","1662"
"46","11016","LTT","3","4:20","0:00","1679"
"1","11017","LTT","1","0:00","12:05","0"
"2","11017","TNA","1","12:31","12:33","17"
"3","11017","KYN","1","12:52","12:55","37"
"4","11017","LNL","1","14:23","14:25","111"
"5","11017","PUNE","1","15:30","15:35","175"
"6","11017","SUR","1","19:35","19:45","438"
"7","11017","GR","1","21:53","21:55","551"
"8","11017","WADI","1","22:35","22:40","588"
"9","11017","YG","1","23:10","23:12","627"
"10","11017","RC","2","0:08","0:10","695"
"11","11017","MALM","2","0:38","0:40","723"
"12","11017","GTL","2","2:05","2:10","816"
"13","11017","GY","2","2:38","2:40","845"
"14","11017","TU","2","3:23","3:25","893"
"15","11017","YA","2","4:18","4:20","962"
"16","11017","HX","2","4:58","5:00","1001"
"17","11017","RU","2","8:05","8:15","1126"
"18","11017","AJJ","2","9:18","9:20","1194"
"19","11017","MS","2","11:00","11:10","1275"
"20","11017","TBM","2","11:38","11:40","1300"
"21","11017","CGL","2","12:08","12:10","1331"
"22","11017","VM","2","13:50","13:55","1434"
"23","11017","TDPR","2","14:29","14:30","1476"
"24","11017","CDM","2","15:21","15:22","1518"
"25","11017","SY","2","15:40","15:41","1535"
"26","11017","MV","2","16:08","16:10","1555"
"27","11017","TVR","2","16:55","17:05","1594"
"28","11017","NGT","2","17:38","17:40","1617"
"29","11017","NCR","2","17:53","17:55","1624"
"30","11017","KIK","2","18:45","0:00","1635"
"1","11018","KIK","1","0:00","14:00","0"
"2","11018","NCR","1","14:13","14:15","10"
"3","11018","NGT","1","14:25","14:30","18"
"4","11018","TVR","1","15:00","15:10","41"
"5","11018","MV","1","15:38","15:40","80"
"6","11018","SY","1","16:00","16:02","100"
"7","11018","CDM","1","16:28","16:30","116"
"8","11018","TDPR","1","17:08","17:10","159"
"9","11018","VM","1","18:50","18:55","201"
"10","11018","CGL","1","20:38","20:40","304"
"11","11018","TBM","1","21:08","21:10","335"
"12","11018","MS","1","22:00","22:15","360"
"13","11018","AJJ","1","23:43","23:45","440"
"14","11018","RU","2","1:30","1:35","511"
"15","11018","HX","2","3:33","3:35","636"
"16","11018","YA","2","4:08","4:10","675"
"17","11018","TU","2","5:14","5:15","745"
"18","11018","GY","2","6:14","6:15","793"
"19","11018","GTL","2","7:20","7:35","821"
"20","11018","MALM","2","8:53","8:55","914"
"21","11018","RC","2","9:28","9:30","942"
"22","11018","YG","2","10:23","10:25","1011"
"23","11018","WADI","2","12:10","12:20","1050"
"24","11018","GR","2","12:54","12:55","1086"
"25","11018","SUR","2","14:50","15:00","1199"
"26","11018","PUNE","2","19:50","19:55","1462"
"27","11018","LNL","2","20:53","20:55","1526"
"28","11018","KYN","2","22:27","22:30","1600"
"29","11018","TNA","2","22:54","22:55","1621"
"30","11018","LTT","2","23:45","0:00","1638"
"1","11019","CSTM","1","0:00","15:10","0"
"2","11019","DR","1","15:23","15:25","8"
"3","11019","KYN","1","16:05","16:08","53"
"4","11019","KJT","1","16:48","16:50","99"
"5","11019","LNL","1","17:39","17:40","127"
"6","11019","PUNE","1","19:00","19:05","191"
"7","11019","DD","1","20:35","20:40","266"
"8","11019","SUR","2","0:15","0:25","454"
"9","11019","GR","2","2:30","2:33","567"
"10","11019","WADI","2","3:45","3:50","604"
"11","11019","SEM","2","4:24","4:25","641"
"12","11019","TDU","2","4:49","4:50","674"
"13","11019","VKB","2","5:51","5:52","715"
"14","11019","BMT","2","7:00","7:02","783"
"15","11019","SC","2","7:45","8:00","789"
"16","11019","KZJ","2","10:10","10:20","929"
"17","11019","WL","2","10:28","10:30","949"
"18","11019","MABD","2","11:27","11:28","1009"
"19","11019","KMT","2","11:55","11:57","1056"
"20","11019","MDR","2","12:21","12:22","1101"
"21","11019","BZA","2","14:00","14:20","1150"
"22","11019","EE","2","15:08","15:09","1209"
"23","11019","TDD","2","15:39","15:40","1257"
"24","11019","NDD","2","15:59","16:00","1277"
"25","11019","RJY","2","16:39","16:41","1299"
"26","11019","SLO","2","17:19","17:20","1349"
"27","11019","TUNI","2","17:58","17:59","1403"
"28","11019","AKP","2","19:28","19:30","1467"
"29","11019","VSKP","2","21:00","21:20","1500"
"30","11019","VZM","2","22:15","22:20","1561"
"31","11019","CHE","2","23:15","23:17","1630"
"32","11019","PSA","3","0:20","0:22","1703"
"33","11019","SPT","3","0:45","0:47","1735"
"34","11019","IPM","3","1:01","1:03","1753"
"35","11019","BAM","3","1:25","1:35","1777"
"36","11019","CAP","3","1:51","1:53","1798"
"37","11019","BALU","3","2:36","2:38","1853"
"38","11019","KUR","3","3:50","3:55","1924"
"39","11019","BBS","3","4:25","0:00","1943"
"1","11020","BBS","1","0:00","15:25","0"
"2","11020","KUR","1","15:50","15:55","18"
"3","11020","BALU","1","16:45","16:47","89"
"4","11020","CAP","1","17:23","17:25","144"
"5","11020","BAM","1","17:45","17:55","165"
"6","11020","IPM","1","18:18","18:20","189"
"7","11020","SPT","1","18:35","18:37","207"
"8","11020","PSA","1","19:18","19:20","239"
"9","11020","CHE","1","20:13","20:15","312"
"10","11020","VZM","1","21:10","21:15","381"
"11","11020","VSKP","1","22:25","22:45","442"
"12","11020","AKP","1","23:32","23:33","476"
"13","11020","TUNI","2","0:16","0:17","539"
"14","11020","SLO","2","0:39","0:40","593"
"15","11020","RJY","2","1:48","1:50","643"
"16","11020","NDD","2","2:14","2:15","665"
"17","11020","TDD","2","2:32","2:33","685"
"18","11020","EE","2","3:06","3:07","733"
"19","11020","BZA","2","5:00","5:20","792"
"20","11020","MDR","2","6:02","6:03","841"
"21","11020","KMT","2","6:33","6:35","886"
"22","11020","MABD","2","7:20","7:21","933"
"23","11020","WL","2","8:08","8:10","994"
"24","11020","KZJ","2","8:38","8:40","1013"
"25","11020","SC","2","11:35","11:45","1153"
"26","11020","BMT","2","11:55","11:57","1160"
"27","11020","TDU","2","13:39","13:40","1268"
"28","11020","SEM","2","14:05","14:06","1301"
"29","11020","WADI","2","16:05","16:10","1339"
"30","11020","GR","2","16:42","16:45","1375"
"31","11020","SUR","2","18:45","18:55","1488"
"32","11020","DD","2","22:20","22:30","1676"
"33","11020","PUNE","2","23:45","23:50","1751"
"34","11020","LNL","3","0:53","0:55","1815"
"35","11020","KJT","3","1:43","1:45","1843"
"36","11020","KYN","3","2:37","2:40","1889"
"37","11020","TNA","3","2:58","3:00","1910"
"38","11020","DR","3","3:22","3:25","1934"
"39","11020","CSTM","3","3:55","0:00","1943"
"1","11021","DR","1","0:00","21:30","0"
"2","11021","KYN","1","22:10","22:13","44"
"3","11021","KJT","1","22:53","22:55","90"
"4","11021","LNL","1","23:44","23:45","118"
"5","11021","PUNE","2","1:00","1:10","182"
"6","11021","STR","2","3:57","4:00","327"
"7","11021","KRD","2","4:52","4:55","386"
"8","11021","TKR","2","5:19","5:20","413"
"9","11021","SLI","2","6:12","6:15","454"
"10","11021","MRJ","2","6:50","6:55","461"
"11","11021","GPB","2","8:00","8:02","541"
"12","11021","BGM","2","9:04","9:05","599"
"13","11021","LD","2","9:58","10:00","650"
"14","11021","LWR","2","10:38","10:40","683"
"15","11021","DWR","2","11:25","11:27","720"
"16","11021","UBL","2","12:39","12:40","740"
"17","11021","HVR","2","13:43","13:45","815"
"18","11021","RNR","2","14:13","14:15","848"
"19","11021","HRR","2","14:43","14:45","879"
"20","11021","DVG","2","15:03","15:05","893"
"21","11021","RRB","2","17:03","17:05","1007"
"22","11021","DRU","2","17:15","17:17","1013"
"23","11021","ASK","2","18:05","18:10","1053"
"24","11021","TTR","2","18:36","18:38","1078"
"25","11021","TK","2","19:28","19:30","1149"
"26","11021","YPR","2","21:30","21:50","1215"
"27","11021","BAND","2","22:15","22:16","1230"
"28","11021","HSRA","2","22:53","22:55","1283"
"29","11021","DPJ","3","0:28","0:30","1375"
"30","11021","SA","3","2:55","3:00","1441"
"31","11021","ED","3","4:15","4:25","1504"
"32","11021","KRR","3","5:27","5:30","1569"
"33","11021","DG","3","7:04","7:05","1643"
"34","11021","MDU","3","8:00","8:05","1709"
"35","11021","VPT","3","8:59","9:00","1752"
"36","11021","SRT","3","9:24","9:25","1779"
"37","11021","CVP","3","9:49","9:50","1800"
"38","11021","MEJ","3","10:34","10:35","1837"
"39","11021","TEN","3","11:45","0:00","1865"
"1","11022","TEN","1","0:00","14:45","0"
"2","11022","MEJ","1","15:10","15:11","28"
"3","11022","CVP","1","15:44","15:45","65"
"4","11022","SRT","1","16:04","16:05","86"
"5","11022","VPT","1","16:24","16:25","113"
"6","11022","MDU","1","17:25","17:30","156"
"7","11022","DG","1","18:45","18:50","222"
"8","11022","KRR","1","20:06","20:10","296"
"9","11022","ED","1","21:25","21:35","361"
"10","11022","SA","1","22:30","22:35","424"
"11","11022","HSRA","2","2:08","2:10","582"
"12","11022","BAND","2","3:18","3:20","635"
"13","11022","YPR","2","4:15","6:30","650"
"14","11022","TK","2","7:30","7:32","714"
"15","11022","TTR","2","8:33","8:35","784"
"16","11022","ASK","2","9:10","9:15","810"
"17","11022","DRU","2","9:48","9:50","849"
"18","11022","RRB","2","10:03","10:05","855"
"19","11022","DVG","2","11:43","11:45","970"
"20","11022","HRR","2","12:03","12:05","983"
"21","11022","RNR","2","12:28","12:30","1015"
"22","11022","HVR","2","13:00","13:02","1047"
"23","11022","UBL","2","15:10","15:20","1122"
"24","11022","DWR","2","15:39","15:40","1142"
"25","11022","LWR","2","16:19","16:20","1179"
"26","11022","LD","2","17:08","17:10","1213"
"27","11022","BGM","2","18:03","18:05","1264"
"28","11022","GPB","2","18:54","18:55","1322"
"29","11022","KUD","2","19:39","19:40","1368"
"30","11022","MRJ","2","20:45","20:50","1401"
"31","11022","SLI","2","21:02","21:05","1408"
"32","11022","TKR","2","21:39","21:40","1450"
"33","11022","KRD","2","22:05","22:08","1476"
"34","11022","STR","2","23:05","23:08","1535"
"35","11022","PUNE","3","2:10","2:20","1680"
"36","11022","LNL","3","3:24","3:25","1744"
"37","11022","KYN","3","4:47","4:50","1818"
"38","11022","DR","3","5:45","0:00","1863"
"1","11023","CSTM","1","0:00","17:50","0"
"2","11023","DR","1","18:02","18:04","8"
"3","11023","KYN","1","18:47","18:50","53"
"4","11023","KJT","1","19:28","19:30","99"
"5","11023","KAD","1","20:03","20:05","124"
"6","11023","LNL","1","20:19","20:20","127"
"7","11023","TGN","1","20:51","20:52","157"
"8","11023","DEHR","1","21:04","21:05","167"
"9","11023","PMP","1","21:17","21:18","177"
"10","11023","KK","1","21:27","21:28","185"
"11","11023","SVJR","1","21:34","21:35","189"
"12","11023","PUNE","1","21:55","22:05","191"
"13","11023","JJR","1","23:08","23:10","249"
"14","11023","NIRA","1","23:53","23:55","276"
"15","11023","LNN","2","0:03","0:05","283"
"16","11023","WTR","2","0:58","1:00","310"
"17","11023","STR","2","1:37","1:40","336"
"18","11023","KRG","2","1:53","1:55","347"
"19","11023","KRD","2","2:52","2:55","395"
"20","11023","KOV","2","3:34","3:35","430"
"21","11023","BVQ","2","3:46","3:48","443"
"22","11023","SLI","2","4:07","4:10","463"
"23","11023","MRJ","2","4:40","4:43","470"
"24","11023","JSP","2","4:56","4:57","482"
"25","11023","HTK","2","5:14","5:15","497"
"26","11023","RKD","2","5:24","5:25","504"
"27","11023","VV","2","5:34","5:35","511"
"28","11023","KOP","2","6:05","0:00","517"
"1","11024","KOP","1","0:00","22:50","0"
"2","11024","VV","1","22:59","23:00","6"
"3","11024","RKD","1","23:09","23:10","13"
"4","11024","HTK","1","23:17","23:20","20"
"5","11024","JSP","1","23:34","23:35","35"
"6","11024","MRJ","2","0:02","0:05","47"
"7","11024","SLI","2","0:15","0:18","54"
"8","11024","BVQ","2","0:39","0:40","73"
"9","11024","KOV","2","0:54","0:55","87"
"10","11024","KRD","2","1:22","1:25","122"
"11","11024","KRG","2","2:07","2:08","170"
"12","11024","STR","2","2:23","2:26","180"
"13","11024","WTR","2","2:54","2:55","206"
"14","11024","LNN","2","3:39","3:40","233"
"15","11024","NIRA","2","3:58","4:00","241"
"16","11024","JJR","2","4:44","4:45","268"
"17","11024","GPR","2","6:14","6:15","323"
"18","11024","PUNE","2","6:50","7:00","326"
"19","11024","SVJR","2","7:09","7:10","328"
"20","11024","KK","2","7:29","7:30","332"
"21","11024","PMP","2","7:39","7:40","340"
"22","11024","DEHR","2","7:54","7:55","350"
"23","11024","TGN","2","8:14","8:15","360"
"24","11024","LNL","2","8:54","8:55","389"
"25","11024","KAD","2","8:59","9:00","393"
"26","11024","KJT","2","9:48","9:50","418"
"27","11024","NRL","2","9:59","10:00","431"
"28","11024","KYN","2","10:32","10:35","464"
"29","11024","TNA","2","10:58","11:00","484"
"30","11024","DR","2","11:27","11:30","508"
"31","11024","CSTM","2","11:50","0:00","517"
"1","11025","BSL","1","0:00","0:25","0"
"2","11025","JL","1","0:51","0:53","24"
"3","11025","PC","1","1:24","1:26","71"
"4","11025","KJ","1","1:44","1:45","97"
"5","11025","CSN","1","1:58","2:00","116"
"6","11025","MMR","1","4:10","4:15","183"
"7","11025","LS","1","4:34","4:35","208"
"8","11025","NK","1","5:05","5:10","257"
"9","11025","DVL","1","5:18","5:20","262"
"10","11025","IGP","1","6:15","6:20","307"
"11","11025","KYN","1","8:02","8:05","390"
"12","11025","PNVL","1","9:00","9:05","428"
"13","11025","CKHS","1","9:15","9:16","432"
"14","11025","MHPE","1","9:26","9:27","439"
"15","11025","CHOK","1","9:37","9:38","447"
"16","11025","KJT","1","9:55","10:00","458"
"17","11025","LNL","1","10:44","10:45","486"
"18","11025","CCH","1","11:29","11:30","534"
"19","11025","PUNE","1","12:05","0:00","550"
"1","11026","PUNE","1","0:00","11:45","0"
"2","11026","CCH","1","12:03","12:04","16"
"3","11026","LNL","1","12:44","12:45","63"
"4","11026","KJT","1","13:33","13:35","91"
"5","11026","CHOK","1","13:50","13:52","102"
"6","11026","MHPE","1","14:01","14:02","110"
"7","11026","CKHS","1","14:09","14:10","116"
"8","11026","PNVL","1","14:15","14:20","120"
"9","11026","KYN","1","15:17","15:20","153"
"10","11026","IGP","1","17:15","17:20","236"
"11","11026","DVL","1","17:53","17:55","281"
"12","11026","NK","1","18:05","18:10","287"
"13","11026","LS","1","18:44","18:45","335"
"14","11026","MMR","1","19:05","19:10","360"
"15","11026","CSN","1","19:53","19:55","427"
"16","11026","KJ","1","20:04","20:05","446"
"17","11026","PC","1","20:28","20:30","472"
"18","11026","JL","1","21:03","21:05","519"
"19","11026","BSL","1","21:50","0:00","544"
"1","11027","CSTM","1","0:00","23:45","0"
"2","11027","DR","1","23:53","23:55","8"
"3","11027","KYN","2","0:37","0:40","53"
"4","11027","KJT","2","1:23","1:25","99"
"5","11027","LNL","2","2:09","2:10","127"
"6","11027","KK","2","2:58","3:00","185"
"7","11027","PUNE","2","3:25","3:35","191"
"8","11027","DD","2","5:00","5:10","266"
"9","11027","BGVN","2","5:33","5:35","294"
"10","11027","JEUR","2","6:28","6:30","341"
"11","11027","KEM","2","6:48","6:50","357"
"12","11027","KWV","2","8:00","8:02","375"
"13","11027","MA","2","8:18","8:20","391"
"14","11027","MO","2","8:43","8:45","421"
"15","11027","SUR","2","9:30","9:40","454"
"16","11027","HG","2","9:58","10:00","469"
"17","11027","AKOR","2","10:21","10:22","489"
"18","11027","DUD","2","10:48","10:50","517"
"19","11027","GUR","2","11:13","11:15","540"
"20","11027","GR","2","11:46","11:48","567"
"21","11027","SDB","2","12:13","12:15","593"
"22","11027","WADI","2","12:50","12:55","604"
"23","11027","NW","2","13:04","13:05","617"
"24","11027","YG","2","13:23","13:25","642"
"25","11027","SADP","2","13:43","13:45","666"
"26","11027","KSN","2","14:04","14:05","686"
"27","11027","RC","2","14:33","14:35","711"
"28","11027","MTU","2","14:49","14:50","728"
"29","11027","MALM","2","15:18","15:20","739"
"30","11027","KO","2","15:34","15:35","752"
"31","11027","KGL","2","15:49","15:50","766"
"32","11027","AD","2","16:38","16:40","780"
"33","11027","NRR","2","16:49","16:50","790"
"34","11027","GTL","2","17:50","18:00","832"
"35","11027","GY","2","18:28","18:30","860"
"36","11027","RLO","2","18:49","18:50","884"
"37","11027","TU","2","19:18","19:20","909"
"38","11027","KDP","2","19:58","20:00","937"
"39","11027","MOO","2","20:18","20:20","962"
"40","11027","YA","2","20:38","20:40","978"
"41","11027","KKM","2","20:58","21:00","993"
"42","11027","HX","2","21:33","21:35","1017"
"43","11027","NRE","2","22:23","22:25","1057"
"44","11027","RJP","2","22:43","22:45","1068"
"45","11027","KOU","2","23:13","23:15","1101"
"46","11027","RU","3","0:55","1:00","1142"
"47","11027","PUT","3","1:23","1:25","1165"
"48","11027","TRT","3","1:58","2:00","1197"
"49","11027","AJJ","3","2:20","2:25","1210"
"50","11027","TRL","3","2:48","2:50","1237"
"51","11027","PER","3","3:18","3:20","1279"
"52","11027","MAS","3","4:25","0:00","1285"
"1","11028","MAS","1","0:00","22:50","0"
"2","11028","TRL","1","23:28","23:30","47"
"3","11028","AJJ","2","0:00","0:05","74"
"4","11028","TRT","2","0:23","0:25","87"
"5","11028","PUT","2","0:53","0:55","119"
"6","11028","RU","2","2:00","2:05","145"
"7","11028","KOU","2","2:44","2:45","186"
"8","11028","RJP","2","3:14","3:15","219"
"9","11028","NRE","2","3:29","3:30","231"
"10","11028","HX","2","4:23","4:25","270"
"11","11028","KKM","2","4:44","4:45","294"
"12","11028","YA","2","5:04","5:05","309"
"13","11028","MOO","2","5:19","5:20","325"
"14","11028","KDP","2","6:04","6:05","351"
"15","11028","TU","2","6:31","6:32","379"
"16","11028","RLO","2","6:54","6:55","403"
"17","11028","GY","2","7:59","8:00","427"
"18","11028","GTL","2","8:30","8:50","455"
"19","11028","NRR","2","9:24","9:25","497"
"20","11028","AD","2","9:34","9:35","507"
"21","11028","KGL","2","9:49","9:50","521"
"22","11028","KO","2","9:59","10:00","535"
"23","11028","MALM","2","10:33","10:35","548"
"24","11028","MTU","2","10:44","10:45","559"
"25","11028","RC","2","11:03","11:05","576"
"26","11028","KSN","2","11:29","11:30","601"
"27","11028","SADP","2","11:49","11:50","622"
"28","11028","YG","2","12:23","12:25","645"
"29","11028","NW","2","12:44","12:45","670"
"30","11028","WADI","2","14:55","15:00","684"
"31","11028","SDB","2","15:12","15:13","694"
"32","11028","GR","2","15:42","15:45","720"
"33","11028","GUR","2","16:11","16:12","747"
"34","11028","DUD","2","16:39","16:40","770"
"35","11028","AKOR","2","17:14","17:15","798"
"36","11028","HG","2","17:35","17:37","818"
"37","11028","SUR","2","18:10","18:20","833"
"38","11028","MO","2","18:49","18:50","866"
"39","11028","MA","2","19:15","19:16","896"
"40","11028","KWV","2","19:35","19:37","912"
"41","11028","KEM","2","19:55","19:56","930"
"42","11028","JEUR","2","20:14","20:15","946"
"43","11028","BGVN","2","21:04","21:05","993"
"44","11028","DD","2","21:50","21:55","1021"
"45","11028","PUNE","2","23:25","23:40","1096"
"46","11028","KK","2","23:49","23:50","1102"
"47","11028","LNL","3","0:42","0:45","1160"
"48","11028","KJT","3","1:33","1:35","1188"
"49","11028","KYN","3","2:27","2:30","1234"
"50","11028","TNA","3","2:42","2:45","1255"
"51","11028","DR","3","3:12","3:15","1279"
"52","11028","CSTM","3","3:45","0:00","1288"
"1","11029","CSTM","1","0:00","8:40","0"
"2","11029","DR","1","8:52","8:53","8"
"3","11029","TNA","1","9:19","9:20","33"
"4","11029","KYN","1","9:32","9:35","53"
"5","11029","NRL","1","10:04","10:05","86"
"6","11029","KJT","1","10:15","10:20","99"
"7","11029","KAD","1","10:59","11:00","124"
"8","11029","LNL","1","11:08","11:10","127"
"9","11029","TGN","1","11:39","11:40","157"
"10","11029","CCH","1","11:59","12:00","175"
"11","11029","KK","1","12:11","12:12","185"
"12","11029","SVJR","1","12:19","12:20","189"
"13","11029","PUNE","1","12:40","12:45","191"
"14","11029","GPR","1","12:51","12:52","193"
"15","11029","JJR","1","13:49","13:50","249"
"16","11029","NIRA","1","14:20","14:22","276"
"17","11029","LNN","1","14:31","14:32","283"
"18","11029","WTR","1","15:11","15:12","310"
"19","11029","STR","1","15:57","16:00","336"
"20","11029","KRG","1","16:13","16:14","347"
"21","11029","RMP","1","16:25","16:26","357"
"22","11029","TAZ","1","16:39","16:40","368"
"23","11029","MSR","1","16:53","16:54","381"
"24","11029","SIW","1","17:02","17:03","386"
"25","11029","KRD","1","17:20","17:23","395"
"26","11029","TKR","1","17:52","17:54","421"
"27","11029","KOV","1","18:09","18:10","430"
"28","11029","BVQ","1","18:24","18:25","443"
"29","11029","SLI","1","18:42","18:45","463"
"30","11029","MRJ","1","19:05","19:10","470"
"31","11029","JSP","1","19:22","19:23","482"
"32","11029","HTK","1","19:41","19:42","497"
"33","11029","RKD","1","19:51","19:52","504"
"34","11029","VV","1","19:59","20:00","511"
"35","11029","KOP","1","20:25","0:00","517"
"1","11030","KOP","1","0:00","7:55","0"
"2","11030","GRMT","1","7:59","8:00","3"
"3","11030","VV","1","8:06","8:07","6"
"4","11030","RKD","1","8:16","8:17","13"
"5","11030","HTK","1","8:26","8:27","20"
"6","11030","NMGT","1","8:35","8:36","26"
"7","11030","JSP","1","8:44","8:45","35"
"8","11030","MRJ","1","9:07","9:10","47"
"9","11030","VRB","1","9:17","9:18","52"
"10","11030","SLI","1","9:25","9:28","54"
"11","11030","BVQ","1","9:47","9:48","73"
"12","11030","KOV","1","10:04","10:05","87"
"13","11030","TKR","1","10:15","10:16","95"
"14","11030","KRD","1","10:42","10:45","122"
"15","11030","MSR","1","11:02","11:03","136"
"16","11030","TAZ","1","11:14","11:15","148"
"17","11030","RMP","1","11:29","11:30","159"
"18","11030","KRG","1","11:42","11:43","170"
"19","11030","STR","1","12:00","12:03","180"
"20","11030","WTR","1","12:34","12:35","206"
"21","11030","LNN","1","13:09","13:10","233"
"22","11030","NIRA","1","13:25","13:30","241"
"23","11030","JJR","1","14:07","14:08","268"
"24","11030","GPR","1","15:09","15:10","323"
"25","11030","PUNE","1","15:40","15:45","326"
"26","11030","SVJR","1","15:52","15:53","328"
"27","11030","CCH","1","16:14","16:15","342"
"28","11030","TGN","1","16:42","16:43","360"
"29","11030","LNL","1","17:14","17:15","389"
"30","11030","KAD","1","17:19","17:20","393"
"31","11030","KJT","1","18:04","18:05","418"
"32","11030","KYN","1","18:48","18:50","464"
"33","11030","TNA","1","19:07","19:10","484"
"34","11030","DR","1","19:37","19:40","508"
"35","11030","CSTM","1","20:05","0:00","517"
"1","11031","SUR","1","0:00","10:05","0"
"2","11031","HG","1","10:28","10:30","15"
"3","11031","IDR","1","11:04","11:05","58"
"4","11031","NBL","1","11:16","11:17","72"
"5","11031","BJP","1","12:20","0:00","108"
"1","11032","BJP","1","0:00","14:50","0"
"2","11032","NBL","1","15:25","15:26","36"
"3","11032","IDR","1","15:44","15:45","50"
"4","11032","HG","1","17:23","17:25","93"
"5","11032","SUR","1","17:40","0:00","108"
"1","11033","PUNE","1","0:00","16:15","0"
"2","11033","DD","1","17:30","17:45","74"
"3","11033","ANG","1","19:02","19:05","158"
"4","11033","BAP","1","20:09","20:10","225"
"5","11033","KPG","1","20:44","20:45","269"
"6","11033","MMR","1","21:50","21:55","311"
"7","11033","BSL","2","0:15","0:25","495"
"8","11033","KNW","2","2:30","2:35","619"
"9","11033","ET","2","5:10","5:20","802"
"10","11033","PPI","2","6:13","6:15","869"
,"",,,,,
,"",,,,,